content_id,url
News_Manual_001_VV3qIkq5ofY,https://www.youtube.com/watch?v=VV3qIkq5ofY
News_Manual_002_R0NS_0Sy9v0,https://www.youtube.com/watch?v=R0NS_0Sy9v0
News_Manual_003_pUxN3h8hHIg,https://www.youtube.com/watch?v=pUxN3h8hHIg
News_Manual_004_mL7OYK3IBwA,https://www.youtube.com/watch?v=mL7OYK3IBwA
News_Manual_005_6XqUCde9Dqo,https://www.youtube.com/watch?v=6XqUCde9Dqo
News_Manual_006_x2ZlP0Fx5nA,https://www.youtube.com/watch?v=x2ZlP0Fx5nA
News_Manual_007_AptrnyOIYQg,https://www.youtube.com/watch?v=AptrnyOIYQg
News_Manual_008_ikfnGYUfn1c,https://www.youtube.com/watch?v=ikfnGYUfn1c
News_Manual_009_KLZNkzjpxkA,https://www.youtube.com/watch?v=KLZNkzjpxkA
News_Manual_010_El2sbnczH0c,https://www.youtube.com/watch?v=El2sbnczH0c
News_Manual_011_gLrJgVEH-Jw,https://www.youtube.com/watch?v=gLrJgVEH-Jw
News_Manual_012_OJJQSeUlGNQ,https://www.youtube.com/watch?v=OJJQSeUlGNQ
News_Manual_013_huKL7RqSi8E,https://www.youtube.com/watch?v=huKL7RqSi8E
News_Manual_014_GRNB5DYtTTY,https://www.youtube.com/watch?v=GRNB5DYtTTY
News_Auto_001_DaI7PnNgnbU,https://www.youtube.com/watch?v=DaI7PnNgnbU
News_Auto_002_5MyRgIl2sYE,https://www.youtube.com/watch?v=5MyRgIl2sYE
News_Auto_003_lOCQcEKTIOI,https://www.youtube.com/watch?v=lOCQcEKTIOI
News_Auto_004_pZlsuSPVWIg,https://www.youtube.com/watch?v=pZlsuSPVWIg
News_Auto_005_LSBr0ZDWw3U,https://www.youtube.com/watch?v=LSBr0ZDWw3U
News_Auto_006_cSMVXlxbRTs,https://www.youtube.com/watch?v=cSMVXlxbRTs
News_Auto_007_FhHMdsHCYT8,https://www.youtube.com/watch?v=FhHMdsHCYT8
News_Auto_008_JsMhdwIqoxw,https://www.youtube.com/watch?v=JsMhdwIqoxw
News_Auto_009_JfcO_D9HTi8,https://www.youtube.com/watch?v=JfcO_D9HTi8
News_Auto_010_dlgcJ1LJOaE,https://www.youtube.com/watch?v=dlgcJ1LJOaE
News_Auto_011_i_yKmMf-vOI,https://www.youtube.com/watch?v=i_yKmMf-vOI
News_Auto_012_aGcWm-13qTU,https://www.youtube.com/watch?v=aGcWm-13qTU
News_Auto_013_70_sfSY1ToA,https://www.youtube.com/watch?v=70_sfSY1ToA
News_Auto_014_EOkFYawpVd4,https://www.youtube.com/watch?v=EOkFYawpVd4
News_Auto_015_QZIzZ0cj07k,https://www.youtube.com/watch?v=QZIzZ0cj07k
News_Auto_016_LZ7bAFxZwBA,https://www.youtube.com/watch?v=LZ7bAFxZwBA
News_Auto_017_TzALfXfEA1g,https://www.youtube.com/watch?v=TzALfXfEA1g
News_Auto_018_RmMJJRyxaIs,https://www.youtube.com/watch?v=RmMJJRyxaIs
News_Auto_019_xscy2Hq-sJc,https://www.youtube.com/watch?v=xscy2Hq-sJc
News_Auto_020_ao-2HYR4CVA,https://www.youtube.com/watch?v=ao-2HYR4CVA
News_Auto_021_-FMDVMzhxMg,https://www.youtube.com/watch?v=-FMDVMzhxMg
News_Auto_022_nOL7EDPkq4k,https://www.youtube.com/watch?v=nOL7EDPkq4k
News_Auto_023_xK0StXll684,https://www.youtube.com/watch?v=xK0StXll684
News_Auto_024_-FNlXH4sf1M,https://www.youtube.com/watch?v=-FNlXH4sf1M
News_Auto_025_vyc6hMjKag8,https://www.youtube.com/watch?v=vyc6hMjKag8
News_Auto_026_M_8mIqcIwmY,https://www.youtube.com/watch?v=M_8mIqcIwmY
News_Auto_027_hlg8LW4YZXQ,https://www.youtube.com/watch?v=hlg8LW4YZXQ
News_Auto_028_jI-d1pwBaCE,https://www.youtube.com/watch?v=jI-d1pwBaCE
News_Auto_029_OXqFxL7mOfY,https://www.youtube.com/watch?v=OXqFxL7mOfY
News_Auto_030_L8g4pwCgl5c,https://www.youtube.com/watch?v=L8g4pwCgl5c
News_Auto_031_cRIb9S3F-Ts,https://www.youtube.com/watch?v=cRIb9S3F-Ts
News_Auto_032_j3sqmw4hSEk,https://www.youtube.com/watch?v=j3sqmw4hSEk
News_Auto_033__f5XXMS7-6k,https://www.youtube.com/watch?v=_f5XXMS7-6k
News_Auto_034_Lm5n0xvuASc,https://www.youtube.com/watch?v=Lm5n0xvuASc
News_Auto_035_bgDXsI4OHZE,https://www.youtube.com/watch?v=bgDXsI4OHZE
News_Auto_036_FkfsZwtikkA,https://www.youtube.com/watch?v=FkfsZwtikkA
News_Auto_037_yNdHpe0_rZc,https://www.youtube.com/watch?v=yNdHpe0_rZc
Sports_Manual_001_HM49RJU4Nnc,https://www.youtube.com/watch?v=HM49RJU4Nnc
Sports_Manual_002_NxdQ-pgEvS8,https://www.youtube.com/watch?v=NxdQ-pgEvS8
Sports_Manual_003_A-Pd0p9V56c,https://www.youtube.com/watch?v=A-Pd0p9V56c
Sports_Manual_004_aiKw24xS2Xg,https://www.youtube.com/watch?v=aiKw24xS2Xg
Sports_Manual_005_Cpl373FOntY,https://www.youtube.com/watch?v=Cpl373FOntY
Sports_Manual_006_ajzQj7bjSWE,https://www.youtube.com/watch?v=ajzQj7bjSWE
Sports_Manual_007_f_9tZ9uh8nw,https://www.youtube.com/watch?v=f_9tZ9uh8nw
Sports_Manual_008_L980JgKB54E,https://www.youtube.com/watch?v=L980JgKB54E
Sports_Manual_009_2y7ecfsDDTg,https://www.youtube.com/watch?v=2y7ecfsDDTg
Sports_Manual_010_ii0sl4CH-fQ,https://www.youtube.com/watch?v=ii0sl4CH-fQ
Sports_Manual_011_2DEDNW5Jq4Q,https://www.youtube.com/watch?v=2DEDNW5Jq4Q
Sports_Manual_012_ztput_decdk,https://www.youtube.com/watch?v=ztput_decdk
Sports_Manual_013_5gcCOorE-yQ,https://www.youtube.com/watch?v=5gcCOorE-yQ
Sports_Manual_014_RG2_Ek5PuPc,https://www.youtube.com/watch?v=RG2_Ek5PuPc
Sports_Manual_015_JH_WRKTCPK4,https://www.youtube.com/watch?v=JH_WRKTCPK4
Sports_Manual_016_ovh4l2Rf6s0,https://www.youtube.com/watch?v=ovh4l2Rf6s0
Sports_Manual_017_YoHRWi0OlAQ,https://www.youtube.com/watch?v=YoHRWi0OlAQ
Sports_Manual_018_UjXqtKUnVxs,https://www.youtube.com/watch?v=UjXqtKUnVxs
Sports_Manual_019_16-7CevcE1I,https://www.youtube.com/watch?v=16-7CevcE1I
Sports_Manual_020_VUBS7v0o2Zw,https://www.youtube.com/watch?v=VUBS7v0o2Zw
Sports_Manual_021_Ey8j_BlLvFM,https://www.youtube.com/watch?v=Ey8j_BlLvFM
Sports_Manual_022_WUBIV1LRhQA,https://www.youtube.com/watch?v=WUBIV1LRhQA
Sports_Manual_023_Hz2F_S3Tl0Y,https://www.youtube.com/watch?v=Hz2F_S3Tl0Y
Sports_Manual_024_AMAQwErd2Iw,https://www.youtube.com/watch?v=AMAQwErd2Iw
Sports_Auto_001_TJseuEPCiYI,https://www.youtube.com/watch?v=TJseuEPCiYI
Sports_Auto_002_ojBMpHR-uns,https://www.youtube.com/watch?v=ojBMpHR-uns
Sports_Auto_003_KweCxg2A9-E,https://www.youtube.com/watch?v=KweCxg2A9-E
Sports_Auto_004_kEO3RvVWkvM,https://www.youtube.com/watch?v=kEO3RvVWkvM
Sports_Auto_005_UTKVc1WPm0Q,https://www.youtube.com/watch?v=UTKVc1WPm0Q
Sports_Auto_006_irwc3Y2VIiQ,https://www.youtube.com/watch?v=irwc3Y2VIiQ
Sports_Auto_007_TmoJv8pQcu0,https://www.youtube.com/watch?v=TmoJv8pQcu0
Sports_Auto_008_orwhP2LLOCw,https://www.youtube.com/watch?v=orwhP2LLOCw
Movie_Manual_001_NdI-k_CJ6vo,https://www.youtube.com/watch?v=NdI-k_CJ6vo
Movie_Manual_002_CWb1KZPi0Ek,https://www.youtube.com/watch?v=CWb1KZPi0Ek
Movie_Manual_003_-PWmE1A7Z8s,https://www.youtube.com/watch?v=-PWmE1A7Z8s
Movie_Manual_004_OEVg2R4UGio,https://www.youtube.com/watch?v=OEVg2R4UGio
Movie_Manual_005_0jfcKzYc3RU,https://www.youtube.com/watch?v=0jfcKzYc3RU
Movie_Manual_006_kWC1W7BkNM0,https://www.youtube.com/watch?v=kWC1W7BkNM0
Movie_Manual_007_pk-tzsXqFDA,https://www.youtube.com/watch?v=pk-tzsXqFDA
Movie_Manual_008_YAPUVhAS8UQ,https://www.youtube.com/watch?v=YAPUVhAS8UQ
Movie_Manual_009_6z9qws7M8q8,https://www.youtube.com/watch?v=6z9qws7M8q8
Movie_Manual_010_C6-rwI-7hyI,https://www.youtube.com/watch?v=C6-rwI-7hyI
Movie_Manual_011_RyWwXgb-MA0,https://www.youtube.com/watch?v=RyWwXgb-MA0
Movie_Manual_012_tjJFehQd2oA,https://www.youtube.com/watch?v=tjJFehQd2oA
Movie_Manual_013_1eoKvx5X9JQ,https://www.youtube.com/watch?v=1eoKvx5X9JQ
Movie_Manual_014_bW7kDVh4w7U,https://www.youtube.com/watch?v=bW7kDVh4w7U
Movie_Manual_015_NttUBB98zg4,https://www.youtube.com/watch?v=NttUBB98zg4
Movie_Manual_016_vZ5vkiazP1s,https://www.youtube.com/watch?v=vZ5vkiazP1s
Movie_Manual_017_5BxqahE0fu8,https://www.youtube.com/watch?v=5BxqahE0fu8
Movie_Manual_018_y7weGcCvwTQ,https://www.youtube.com/watch?v=y7weGcCvwTQ
Movie_Manual_019_HXRJYcqlPSY,https://www.youtube.com/watch?v=HXRJYcqlPSY
Movie_Auto_001_6mbnuiJrZ0o,https://www.youtube.com/watch?v=6mbnuiJrZ0o
Movie_Auto_002_IH7F9vITYmw,https://www.youtube.com/watch?v=IH7F9vITYmw
Movie_Auto_003_-Qtk3nValm4,https://www.youtube.com/watch?v=-Qtk3nValm4
Movie_Auto_005_e_uZicX8DDk,https://www.youtube.com/watch?v=e_uZicX8DDk
Movie_Auto_006_SnAU2GOM8sQ,https://www.youtube.com/watch?v=SnAU2GOM8sQ
Movie_Auto_007_obCUZpWl9po,https://www.youtube.com/watch?v=obCUZpWl9po
Movie_Auto_008_6bygIfbvz3o,https://www.youtube.com/watch?v=6bygIfbvz3o
Movie_Auto_009_zLXHlrY97Ss,https://www.youtube.com/watch?v=zLXHlrY97Ss
Movie_Auto_010_eh-5fQEG_6g,https://www.youtube.com/watch?v=eh-5fQEG_6g
Movie_Auto_011_lqNK908hrJU,https://www.youtube.com/watch?v=lqNK908hrJU
Movie_Auto_012_hYNUmaHQusY,https://www.youtube.com/watch?v=hYNUmaHQusY
Movie_Auto_013_eInh-XFiReU,https://www.youtube.com/watch?v=eInh-XFiReU
Movie_Auto_014_b9qA9zG6nE8,https://www.youtube.com/watch?v=b9qA9zG6nE8
Movie_Auto_015_TSmEn1qfhnU,https://www.youtube.com/watch?v=TSmEn1qfhnU
Movie_Auto_016_L4yo2Rupnm4,https://www.youtube.com/watch?v=L4yo2Rupnm4
Movie_Auto_017_zBNKrja8dyY,https://www.youtube.com/watch?v=zBNKrja8dyY
Movie_Auto_018_dGnjhCcEIOY,https://www.youtube.com/watch?v=dGnjhCcEIOY
Movie_Auto_019_h67AHvHMtxY,https://www.youtube.com/watch?v=h67AHvHMtxY
Movie_Auto_020_vqIOxXu51Fo,https://www.youtube.com/watch?v=vqIOxXu51Fo
Movie_Auto_021_QkSnQ0rdUsk,https://www.youtube.com/watch?v=QkSnQ0rdUsk
Variety_Manual_001_dyjfCadehBo,https://www.youtube.com/watch?v=dyjfCadehBo
Variety_Manual_002_FWXHJUk18zo,https://www.youtube.com/watch?v=FWXHJUk18zo
Variety_Manual_003_p9PLnrBXEAk,https://www.youtube.com/watch?v=p9PLnrBXEAk
Variety_Manual_004_SEg6jVhl2JM,https://www.youtube.com/watch?v=SEg6jVhl2JM
Variety_Manual_005_QC-x-uyfUuw,https://www.youtube.com/watch?v=QC-x-uyfUuw
Variety_Manual_006_J0n_5d75wh0,https://www.youtube.com/watch?v=J0n_5d75wh0
Variety_Manual_007_YxkucCrld2k,https://www.youtube.com/watch?v=YxkucCrld2k
Variety_Manual_008_1nUwaL0qRyk,https://www.youtube.com/watch?v=1nUwaL0qRyk
Variety_Manual_009_IcEjE1pFLGI,https://www.youtube.com/watch?v=IcEjE1pFLGI
Variety_Manual_010_bae0UiFVw84,https://www.youtube.com/watch?v=bae0UiFVw84
Variety_Manual_011_cNIWhzfzwpo,https://www.youtube.com/watch?v=cNIWhzfzwpo
Variety_Manual_012_Iq6RdCTLBd8,https://www.youtube.com/watch?v=Iq6RdCTLBd8
Variety_Manual_013_cyWp2zJDD3g,https://www.youtube.com/watch?v=cyWp2zJDD3g
Variety_Manual_014_7CSlerXCZSo,https://www.youtube.com/watch?v=7CSlerXCZSo
Variety_Manual_015_iNh_bXmYfgw,https://www.youtube.com/watch?v=iNh_bXmYfgw
Variety_Manual_016_TzMZjm1l65E,https://www.youtube.com/watch?v=TzMZjm1l65E
Variety_Manual_017_7pY293YseB0,https://www.youtube.com/watch?v=7pY293YseB0
Variety_Manual_018_L0l1osxsPnI,https://www.youtube.com/watch?v=L0l1osxsPnI
Variety_Manual_019_xD8JubOUYxI,https://www.youtube.com/watch?v=xD8JubOUYxI
Variety_Auto_001_mRNxTCQFh80,https://www.youtube.com/watch?v=mRNxTCQFh80
Variety_Auto_002_JAqkPVUIwaE,https://www.youtube.com/watch?v=JAqkPVUIwaE
Variety_Auto_003_rpBvwkkysoA,https://www.youtube.com/watch?v=rpBvwkkysoA
Variety_Auto_004_rYPhcHT2wx8,https://www.youtube.com/watch?v=rYPhcHT2wx8
Variety_Auto_005_DoOHMAGtLl4,https://www.youtube.com/watch?v=DoOHMAGtLl4
Variety_Auto_006_AlMP6o43Bbo,https://www.youtube.com/watch?v=AlMP6o43Bbo
Variety_Auto_007_4GuP9drQvOE,https://www.youtube.com/watch?v=4GuP9drQvOE
Variety_Auto_008_Jf-nnrqblfw,https://www.youtube.com/watch?v=Jf-nnrqblfw
Variety_Auto_009_WSuFJ_0H1pQ,https://www.youtube.com/watch?v=WSuFJ_0H1pQ
Variety_Auto_010_qDhjM4CmzX0,https://www.youtube.com/watch?v=qDhjM4CmzX0
Variety_Auto_011_7sDBEb3w2r8,https://www.youtube.com/watch?v=7sDBEb3w2r8
Variety_Auto_012_ZoqjGormrds,https://www.youtube.com/watch?v=ZoqjGormrds
Variety_Auto_013_Q_cV9ciktoQ,https://www.youtube.com/watch?v=Q_cV9ciktoQ
Variety_Auto_014_9AVwbe4e6tI,https://www.youtube.com/watch?v=9AVwbe4e6tI
Variety_Auto_015_8lhnu_a7424,https://www.youtube.com/watch?v=8lhnu_a7424
Variety_Auto_016_oz2KfE18FYQ,https://www.youtube.com/watch?v=oz2KfE18FYQ
Variety_Auto_017_47-qd6OG1CA,https://www.youtube.com/watch?v=47-qd6OG1CA
Variety_Auto_018_uBIX6BmxZc0,https://www.youtube.com/watch?v=uBIX6BmxZc0
Variety_Auto_019_424w9fJRgYk,https://www.youtube.com/watch?v=424w9fJRgYk
Variety_Auto_020_8LPVjHxXvJM,https://www.youtube.com/watch?v=8LPVjHxXvJM
Variety_Auto_021_xI-nAElOtmM,https://www.youtube.com/watch?v=xI-nAElOtmM
Variety_Auto_022_sIxjJznFhrA,https://www.youtube.com/watch?v=sIxjJznFhrA
Variety_Auto_023_4JtUPBkYQOY,https://www.youtube.com/watch?v=4JtUPBkYQOY
Documentary_Manual_001_ah5DGbv2E64,https://www.youtube.com/watch?v=ah5DGbv2E64
Documentary_Manual_002_C1_Rx7YqQqk,https://www.youtube.com/watch?v=C1_Rx7YqQqk
Documentary_Manual_003_VyKFI7BCYY8,https://www.youtube.com/watch?v=VyKFI7BCYY8
Documentary_Manual_004_JVZzpjS3hkE,https://www.youtube.com/watch?v=JVZzpjS3hkE
Documentary_Manual_005_Ucis3S81Xcw,https://www.youtube.com/watch?v=Ucis3S81Xcw
Documentary_Manual_006_mRZUtSQh2Ts,https://www.youtube.com/watch?v=mRZUtSQh2Ts
Documentary_Manual_007_QKufR4y7HMw,https://www.youtube.com/watch?v=QKufR4y7HMw
Documentary_Manual_008_6bgkqCg3hvo,https://www.youtube.com/watch?v=6bgkqCg3hvo
Documentary_Manual_009_vp0ZsOrj6o0,https://www.youtube.com/watch?v=vp0ZsOrj6o0
Documentary_Manual_010_w_hM_z8_M74,https://www.youtube.com/watch?v=w_hM_z8_M74
Documentary_Manual_011_guDoMTahmeo,https://www.youtube.com/watch?v=guDoMTahmeo
Documentary_Manual_012_Pe5OFb5Xcm0,https://www.youtube.com/watch?v=Pe5OFb5Xcm0
Documentary_Manual_013_aSP7E_szMlk,https://www.youtube.com/watch?v=aSP7E_szMlk
Documentary_Manual_014_Bofc1QJQMIU,https://www.youtube.com/watch?v=Bofc1QJQMIU
Documentary_Manual_015_Yl_zaRtwZcA,https://www.youtube.com/watch?v=Yl_zaRtwZcA
Documentary_Manual_016_oC5id8fnzIs,https://www.youtube.com/watch?v=oC5id8fnzIs
Documentary_Manual_017_98n_IlgrwAI,https://www.youtube.com/watch?v=98n_IlgrwAI
Documentary_Manual_018_tjcnSiBmTs0,https://www.youtube.com/watch?v=tjcnSiBmTs0
Documentary_Manual_019_AHv3XC9tXcs,https://www.youtube.com/watch?v=AHv3XC9tXcs
Documentary_Manual_020_dM6zveCXkg0,https://www.youtube.com/watch?v=dM6zveCXkg0
Documentary_Manual_021_28nFFjWI3fQ,https://www.youtube.com/watch?v=28nFFjWI3fQ
Documentary_Manual_022_ZknwqieFqwk,https://www.youtube.com/watch?v=ZknwqieFqwk
Documentary_Manual_023_37VjHFBz0-M,https://www.youtube.com/watch?v=37VjHFBz0-M
Documentary_Manual_024_hgrYev-l1NQ,https://www.youtube.com/watch?v=hgrYev-l1NQ
Documentary_Manual_025_-C9GqKM8_RI,https://www.youtube.com/watch?v=-C9GqKM8_RI
Documentary_Manual_026_dWQnvKXodww,https://www.youtube.com/watch?v=dWQnvKXodww
Documentary_Auto_001_8usMKRr-794,https://www.youtube.com/watch?v=8usMKRr-794
Documentary_Auto_002_d9P2UB7AjbQ,https://www.youtube.com/watch?v=d9P2UB7AjbQ
Documentary_Auto_003_KX_tooM8Mwo,https://www.youtube.com/watch?v=KX_tooM8Mwo
Documentary_Auto_004_GwsCE_xKHKs,https://www.youtube.com/watch?v=GwsCE_xKHKs
Documentary_Auto_005_3p7gP9NQv_4,https://www.youtube.com/watch?v=3p7gP9NQv_4
Documentary_Auto_006_rL86tu9dSS4,https://www.youtube.com/watch?v=rL86tu9dSS4
Documentary_Auto_007_zIrc8TlOmJM,https://www.youtube.com/watch?v=zIrc8TlOmJM
Documentary_Auto_008_M1cvs7X5dEk,https://www.youtube.com/watch?v=M1cvs7X5dEk
Documentary_Auto_009_S2_QRzEQjj8,https://www.youtube.com/watch?v=S2_QRzEQjj8
Documentary_Auto_010_oM7uDUuHOYg,https://www.youtube.com/watch?v=oM7uDUuHOYg
Documentary_Auto_011_f_848IrwclA,https://www.youtube.com/watch?v=f_848IrwclA
Documentary_Auto_012_WgjBaXpuSE4,https://www.youtube.com/watch?v=WgjBaXpuSE4
Documentary_Auto_013_le6sVSGMe_k,https://www.youtube.com/watch?v=le6sVSGMe_k
Documentary_Auto_014_ncOr6JSTMlw,https://www.youtube.com/watch?v=ncOr6JSTMlw
Drama_Manual_001_r1Ln4oGBWdI,https://www.youtube.com/watch?v=r1Ln4oGBWdI
Drama_Manual_002_p4TN6l87zuw,https://www.youtube.com/watch?v=p4TN6l87zuw
Drama_Manual_003_33WJ9aPDHuc,https://www.youtube.com/watch?v=33WJ9aPDHuc
Drama_Manual_004_45eo4PJQuUg,https://www.youtube.com/watch?v=45eo4PJQuUg
Drama_Manual_005_ipJZM2iugw0,https://www.youtube.com/watch?v=ipJZM2iugw0
Drama_Manual_006_9CEC4z0U07M,https://www.youtube.com/watch?v=9CEC4z0U07M
Drama_Manual_007_4zKLbNhebgg,https://www.youtube.com/watch?v=4zKLbNhebgg
Drama_Manual_008_WdxxgErUuoE,https://www.youtube.com/watch?v=WdxxgErUuoE
Drama_Manual_009_cQTd3s0rWEM,https://www.youtube.com/watch?v=cQTd3s0rWEM
Drama_Manual_010_hp4NLL57frw,https://www.youtube.com/watch?v=hp4NLL57frw
Drama_Manual_011_Cnhg6Q-piXo,https://www.youtube.com/watch?v=Cnhg6Q-piXo
Drama_Manual_012_oXAN4ynzKyE,https://www.youtube.com/watch?v=oXAN4ynzKyE
Drama_Manual_013_K7_UqhBpKME,https://www.youtube.com/watch?v=K7_UqhBpKME
Drama_Manual_014_nxzbcaf9xK4,https://www.youtube.com/watch?v=nxzbcaf9xK4
Drama_Manual_015_k0AShEuPYVU,https://www.youtube.com/watch?v=k0AShEuPYVU
Drama_Manual_016_lDmgtUrTZ8M,https://www.youtube.com/watch?v=lDmgtUrTZ8M
Drama_Manual_017_MXOgtSNF2Y4,https://www.youtube.com/watch?v=MXOgtSNF2Y4
Drama_Manual_018_crlGvUROufc,https://www.youtube.com/watch?v=crlGvUROufc
Drama_Manual_019_i1NmNMVp7Nw,https://www.youtube.com/watch?v=i1NmNMVp7Nw
Drama_Auto_001_d5gvWummEp4,https://www.youtube.com/watch?v=d5gvWummEp4
Drama_Auto_002_KiKgmfTZgJA,https://www.youtube.com/watch?v=KiKgmfTZgJA
Drama_Auto_003_LonFK1eJ19k,https://www.youtube.com/watch?v=LonFK1eJ19k
Drama_Auto_004_C_xV8aHPv3Q,https://www.youtube.com/watch?v=C_xV8aHPv3Q
Drama_Auto_005_oppbr30hQl0,https://www.youtube.com/watch?v=oppbr30hQl0
Drama_Auto_006_xiSoqCtVd4A,https://www.youtube.com/watch?v=xiSoqCtVd4A
Drama_Auto_007_L4-Tb6DJHg0,https://www.youtube.com/watch?v=L4-Tb6DJHg0
Drama_Auto_008_j0JZpbQmIMQ,https://www.youtube.com/watch?v=j0JZpbQmIMQ
Drama_Auto_009_QJ8lfKsyx5w,https://www.youtube.com/watch?v=QJ8lfKsyx5w
Drama_Auto_010_-xuXTTfM628,https://www.youtube.com/watch?v=-xuXTTfM628
Drama_Auto_011_0zoIezb8_fs,https://www.youtube.com/watch?v=0zoIezb8_fs
Drama_Auto_012_ipWMBtkTrLs,https://www.youtube.com/watch?v=ipWMBtkTrLs
Drama_Auto_013_Kz0ceLLw9Hs,https://www.youtube.com/watch?v=Kz0ceLLw9Hs
Drama_Auto_014_rsVXJ56y48k,https://www.youtube.com/watch?v=rsVXJ56y48k
Drama_Auto_015_crFUahXUYM4,https://www.youtube.com/watch?v=crFUahXUYM4
Drama_Auto_016_V0ZiH-Xv-z0,https://www.youtube.com/watch?v=V0ZiH-Xv-z0
Drama_Auto_017_epgaKW8iIC0,https://www.youtube.com/watch?v=epgaKW8iIC0
Drama_Auto_018_5UKRi9k1k7U,https://www.youtube.com/watch?v=5UKRi9k1k7U
Drama_Auto_019_Ya_trIAWIXA,https://www.youtube.com/watch?v=Ya_trIAWIXA
Drama_Auto_020_Ik6ZCDyDvxI,https://www.youtube.com/watch?v=Ik6ZCDyDvxI
Drama_Auto_021_W4Sp2XwfQDg,https://www.youtube.com/watch?v=W4Sp2XwfQDg
Animation_Manual_001_kWNFkHpaeDs,https://www.youtube.com/watch?v=kWNFkHpaeDs
Animation_Manual_002_PG_IHoL96lM,https://www.youtube.com/watch?v=PG_IHoL96lM
Animation_Manual_004_342ly4n5Phs,https://www.youtube.com/watch?v=342ly4n5Phs
Animation_Manual_005_PUbLGK2RCbE,https://www.youtube.com/watch?v=PUbLGK2RCbE
Animation_Manual_006_yGMk3j13vgk,https://www.youtube.com/watch?v=yGMk3j13vgk
Animation_Manual_007_ekHadCX2-s8,https://www.youtube.com/watch?v=ekHadCX2-s8
Animation_Manual_008_nhr0igKYIMQ,https://www.youtube.com/watch?v=nhr0igKYIMQ
Animation_Manual_009_sAoIM9Dt0uA,https://www.youtube.com/watch?v=sAoIM9Dt0uA
Animation_Manual_010_knchxFiU1gg,https://www.youtube.com/watch?v=knchxFiU1gg
Animation_Auto_001_tmfXXEGvCbo,https://www.youtube.com/watch?v=tmfXXEGvCbo
Animation_Auto_002_GVLROBGQeB8,https://www.youtube.com/watch?v=GVLROBGQeB8
Animation_Auto_003__UQXqeEKnus,https://www.youtube.com/watch?v=_UQXqeEKnus
Animation_Auto_004_CR3dbnp-yYM,https://www.youtube.com/watch?v=CR3dbnp-yYM
Animation_Auto_005_Ezq4nUY63zE,https://www.youtube.com/watch?v=Ezq4nUY63zE
Animation_Auto_006_M8Brs72xMTs,https://www.youtube.com/watch?v=M8Brs72xMTs
Animation_Auto_007_OH4_RX0tYGU,https://www.youtube.com/watch?v=OH4_RX0tYGU
Animation_Auto_008_sS5cIP_3dgI,https://www.youtube.com/watch?v=sS5cIP_3dgI
Animation_Auto_009_ZajVfgIWkQ0,https://www.youtube.com/watch?v=ZajVfgIWkQ0
Animation_Auto_010__Gd9r-SW4KY,https://www.youtube.com/watch?v=_Gd9r-SW4KY
Animation_Auto_011_dIwXVNmwYpk,https://www.youtube.com/watch?v=dIwXVNmwYpk
Animation_Auto_012_6uGjTSGRkd0,https://www.youtube.com/watch?v=6uGjTSGRkd0
Animation_Auto_013_i-meDlIva1Y,https://www.youtube.com/watch?v=i-meDlIva1Y
Animation_Auto_014_9z_rZj3uBTQ,https://www.youtube.com/watch?v=9z_rZj3uBTQ
Animation_Auto_015_ioW_Yp9elJk,https://www.youtube.com/watch?v=ioW_Yp9elJk
Animation_Auto_016_C2qaFORuEbo,https://www.youtube.com/watch?v=C2qaFORuEbo
Animation_Auto_017_txH7VTxJrgg,https://www.youtube.com/watch?v=txH7VTxJrgg
Animation_Auto_018_9Tq-GNSmskM,https://www.youtube.com/watch?v=9Tq-GNSmskM
Animation_Auto_019_qGmz3HeUVe4,https://www.youtube.com/watch?v=qGmz3HeUVe4
Animation_Auto_020_YHE84jF21kQ,https://www.youtube.com/watch?v=YHE84jF21kQ
Animation_Auto_021_5rH6TfPPEds,https://www.youtube.com/watch?v=5rH6TfPPEds
Animation_Auto_022_btp-sbwb7zM,https://www.youtube.com/watch?v=btp-sbwb7zM
Animation_Auto_023_hXeNjMmh2yo,https://www.youtube.com/watch?v=hXeNjMmh2yo
Animation_Auto_024_uqXVAo7dVRU,https://www.youtube.com/watch?v=uqXVAo7dVRU
Animation_Auto_025_Wb8KpHqU5tg,https://www.youtube.com/watch?v=Wb8KpHqU5tg
Animation_Auto_026_mBx1k7CDYfA,https://www.youtube.com/watch?v=mBx1k7CDYfA
Animation_Auto_027_gCswMsONkwY,https://www.youtube.com/watch?v=gCswMsONkwY
Animation_Auto_028_ujrkqy31H4M,https://www.youtube.com/watch?v=ujrkqy31H4M
Animation_Auto_029_OaEw7ZFs5sU,https://www.youtube.com/watch?v=OaEw7ZFs5sU
Animation_Auto_030_h6fcK_fRYaI,https://www.youtube.com/watch?v=h6fcK_fRYaI
Animation_Auto_031_75NQK-Sm1YY,https://www.youtube.com/watch?v=75NQK-Sm1YY
Shopping_Manual_001_udEDn10OP5s,https://www.youtube.com/watch?v=udEDn10OP5s
Shopping_Manual_002_C2-zmXqyqNk,https://www.youtube.com/watch?v=C2-zmXqyqNk
Shopping_Manual_003_jMDG4ICnhKM,https://www.youtube.com/watch?v=jMDG4ICnhKM
Shopping_Manual_006_g2KUG1WgqyI,https://www.youtube.com/watch?v=g2KUG1WgqyI
Shopping_Manual_007_nRDBUsDSoO4,https://www.youtube.com/watch?v=nRDBUsDSoO4
Shopping_Manual_008_j-8-Wrm59Wg,https://www.youtube.com/watch?v=j-8-Wrm59Wg
Shopping_Manual_009_I3ONe34dMzw,https://www.youtube.com/watch?v=I3ONe34dMzw
Shopping_Auto_001_UqMsSROsjkU,https://www.youtube.com/watch?v=UqMsSROsjkU
Shopping_Auto_002_OPXBkVz9skQ,https://www.youtube.com/watch?v=OPXBkVz9skQ
Shopping_Auto_003_U3T9rOV7hAI,https://www.youtube.com/watch?v=U3T9rOV7hAI
Shopping_Auto_004_J5Cb2_4C5oY,https://www.youtube.com/watch?v=J5Cb2_4C5oY
Shopping_Auto_005_vaY0bwtG29c,https://www.youtube.com/watch?v=vaY0bwtG29c
Shopping_Auto_006_uAeNibkAFN8,https://www.youtube.com/watch?v=uAeNibkAFN8
Shopping_Auto_007_bOuYBXzNxxM,https://www.youtube.com/watch?v=bOuYBXzNxxM
Shopping_Auto_008_LbQ7MkWgWMA,https://www.youtube.com/watch?v=LbQ7MkWgWMA
Shopping_Auto_009_dJWQ150HFp8,https://www.youtube.com/watch?v=dJWQ150HFp8
Shopping_Auto_010_Gm1vY3iev10,https://www.youtube.com/watch?v=Gm1vY3iev10
Shopping_Auto_011_MeX0SlkgnC4,https://www.youtube.com/watch?v=MeX0SlkgnC4
Shopping_Auto_012_s5C3ZZ8ozC0,https://www.youtube.com/watch?v=s5C3ZZ8ozC0
Shopping_Auto_013_8JfC6Ee4lmY,https://www.youtube.com/watch?v=8JfC6Ee4lmY
Shopping_Auto_014_hWj-YQZhwYY,https://www.youtube.com/watch?v=hWj-YQZhwYY
Shopping_Auto_015_9nxa-46VU94,https://www.youtube.com/watch?v=9nxa-46VU94
Shopping_Auto_016_D8RRVXMa48I,https://www.youtube.com/watch?v=D8RRVXMa48I
Shopping_Auto_017_EqU7aAZvZkc,https://www.youtube.com/watch?v=EqU7aAZvZkc
Shopping_Auto_018_rcRCF3gPSAo,https://www.youtube.com/watch?v=rcRCF3gPSAo
Shopping_Auto_019_AhYU68I9ZrU,https://www.youtube.com/watch?v=AhYU68I9ZrU
Shopping_Auto_020_XbrstghsD1c,https://www.youtube.com/watch?v=XbrstghsD1c
Shopping_Auto_021__AQnAKA1w7o,https://www.youtube.com/watch?v=_AQnAKA1w7o
Shopping_Auto_022_tyYIkdUz6XA,https://www.youtube.com/watch?v=tyYIkdUz6XA
Shopping_Auto_023_bDX4hpxXlYc,https://www.youtube.com/watch?v=bDX4hpxXlYc
Shopping_Auto_024_GU3rf4JTIrI,https://www.youtube.com/watch?v=GU3rf4JTIrI
Shopping_Auto_025_3m1-TOW5ZZU,https://www.youtube.com/watch?v=3m1-TOW5ZZU
Shopping_Auto_026_EUmAefyYqis,https://www.youtube.com/watch?v=EUmAefyYqis
Shopping_Auto_027_NZjSdVGs8wI,https://www.youtube.com/watch?v=NZjSdVGs8wI
Shopping_Auto_028_coS1PQ634uk,https://www.youtube.com/watch?v=coS1PQ634uk
Shopping_Auto_029_u9KtfTDxbvk,https://www.youtube.com/watch?v=u9KtfTDxbvk
Shopping_Auto_030_9aXNMuFI5uw,https://www.youtube.com/watch?v=9aXNMuFI5uw
Shopping_Auto_031_e873DI7tlVM,https://www.youtube.com/watch?v=e873DI7tlVM
Shopping_Auto_032_S9T5RPQDC8k,https://www.youtube.com/watch?v=S9T5RPQDC8k
Shopping_Auto_033__SRtD9dN0jg,https://www.youtube.com/watch?v=_SRtD9dN0jg
Shopping_Auto_034_r9vZItoI7yI,https://www.youtube.com/watch?v=r9vZItoI7yI
Shopping_Auto_035_rrlNhj9sqTo,https://www.youtube.com/watch?v=rrlNhj9sqTo
Shopping_Auto_036_IkJ-3wr7aZI,https://www.youtube.com/watch?v=IkJ-3wr7aZI
Shopping_Auto_037_e5NMV4U790o,https://www.youtube.com/watch?v=e5NMV4U790o
Shopping_Auto_038_9BKUM3ItfJE,https://www.youtube.com/watch?v=9BKUM3ItfJE
Travel_Manual_001_fulap_pZ_Uc,https://www.youtube.com/watch?v=fulap_pZ_Uc
Travel_Manual_002_DjYPUs40AZk,https://www.youtube.com/watch?v=DjYPUs40AZk
Travel_Manual_003_BH-P6GwDSNU,https://www.youtube.com/watch?v=BH-P6GwDSNU
Travel_Manual_004_TAAW-l-J7Yg,https://www.youtube.com/watch?v=TAAW-l-J7Yg
Travel_Manual_005_DK0aL7EPOJE,https://www.youtube.com/watch?v=DK0aL7EPOJE
Travel_Manual_006_NlzPyRl_qcA,https://www.youtube.com/watch?v=NlzPyRl_qcA
Travel_Manual_007_a9gR-UPdQKI,https://www.youtube.com/watch?v=a9gR-UPdQKI
Travel_Manual_008_FO26fPp7Pww,https://www.youtube.com/watch?v=FO26fPp7Pww
Travel_Manual_009_bs4Yh1RuUhM,https://www.youtube.com/watch?v=bs4Yh1RuUhM
Travel_Auto_001_WbmPZEUq3v8,https://www.youtube.com/watch?v=WbmPZEUq3v8
Travel_Auto_002_HrYZ3ZfgIDU,https://www.youtube.com/watch?v=HrYZ3ZfgIDU
Travel_Auto_003_LEA1NgIP0qo,https://www.youtube.com/watch?v=LEA1NgIP0qo
Travel_Auto_004_Jwp9RlAzyQ0,https://www.youtube.com/watch?v=Jwp9RlAzyQ0
Travel_Auto_005_Vqq3Wh_anoQ,https://www.youtube.com/watch?v=Vqq3Wh_anoQ
Travel_Auto_006_E-dKVF7BWAs,https://www.youtube.com/watch?v=E-dKVF7BWAs
Travel_Auto_007_yD-_zjzP6CY,https://www.youtube.com/watch?v=yD-_zjzP6CY
Travel_Auto_008_gJCnBgtvL80,https://www.youtube.com/watch?v=gJCnBgtvL80
Travel_Auto_009_LfJILlCi0xo,https://www.youtube.com/watch?v=LfJILlCi0xo
Travel_Auto_010_X9fPxgtBAUQ,https://www.youtube.com/watch?v=X9fPxgtBAUQ
Travel_Auto_011_3ejM7nUV8UI,https://www.youtube.com/watch?v=3ejM7nUV8UI
Travel_Auto_012_H_Fw__qsNC0,https://www.youtube.com/watch?v=H_Fw__qsNC0
Travel_Auto_013_jwq1axkqxBA,https://www.youtube.com/watch?v=jwq1axkqxBA
Travel_Auto_014_z4BNC1iTb24,https://www.youtube.com/watch?v=z4BNC1iTb24
Travel_Auto_015_5K5Z6-Db6vo,https://www.youtube.com/watch?v=5K5Z6-Db6vo
Travel_Auto_016_kxwdwNXkJ8o,https://www.youtube.com/watch?v=kxwdwNXkJ8o
Travel_Auto_017_5t2vhpTCRC4,https://www.youtube.com/watch?v=5t2vhpTCRC4
Travel_Auto_018_RdhfPygEh3g,https://www.youtube.com/watch?v=RdhfPygEh3g
Travel_Auto_019_c_0VUYh5-i8,https://www.youtube.com/watch?v=c_0VUYh5-i8
Travel_Auto_020_qyj_WpgF5QY,https://www.youtube.com/watch?v=qyj_WpgF5QY
Travel_Auto_021_sBDnaVnGF9A,https://www.youtube.com/watch?v=sBDnaVnGF9A
Travel_Auto_022_ysrR2ZDXH9M,https://www.youtube.com/watch?v=ysrR2ZDXH9M
Travel_Auto_023_eEIRy1iLZH0,https://www.youtube.com/watch?v=eEIRy1iLZH0
Travel_Auto_024_hXm_1ZEv7bo,https://www.youtube.com/watch?v=hXm_1ZEv7bo
Travel_Auto_025_m2SPPxloo9w,https://www.youtube.com/watch?v=m2SPPxloo9w
Travel_Auto_026_M8PPTyS3-qQ,https://www.youtube.com/watch?v=M8PPTyS3-qQ
Travel_Auto_027_EpTu3smpyJE,https://www.youtube.com/watch?v=EpTu3smpyJE
Travel_Auto_028_NoHq8LllJNA,https://www.youtube.com/watch?v=NoHq8LllJNA
Travel_Auto_029_R8s0xKd9sHo,https://www.youtube.com/watch?v=R8s0xKd9sHo
Travel_Auto_030_kisoE-O6bpk,https://www.youtube.com/watch?v=kisoE-O6bpk
Travel_Auto_031_dc7Pc_eimpU,https://www.youtube.com/watch?v=dc7Pc_eimpU
Travel_Auto_032_0JCGDm9NqzI,https://www.youtube.com/watch?v=0JCGDm9NqzI
Travel_Auto_033_1JJfWnAryrM,https://www.youtube.com/watch?v=1JJfWnAryrM
Travel_Auto_034_L51Ws_R4Qr8,https://www.youtube.com/watch?v=L51Ws_R4Qr8
Travel_Auto_035_ppfusm6vat0,https://www.youtube.com/watch?v=ppfusm6vat0
Travel_Auto_036_35Z4GGvCmlU,https://www.youtube.com/watch?v=35Z4GGvCmlU
Travel_Auto_037_SAmj6tc5Kfk,https://www.youtube.com/watch?v=SAmj6tc5Kfk
Travel_Auto_038_bwJBoFxGK4w,https://www.youtube.com/watch?v=bwJBoFxGK4w
Travel_Auto_039_MHQYdfiaxPk,https://www.youtube.com/watch?v=MHQYdfiaxPk
Travel_Auto_040_XTeJ048XYwg,https://www.youtube.com/watch?v=XTeJ048XYwg
Travel_Auto_041_IuTDuvYr7f0,https://www.youtube.com/watch?v=IuTDuvYr7f0
Travel_Auto_042_N4ZMYokojGw,https://www.youtube.com/watch?v=N4ZMYokojGw
Travel_Auto_043_G2v6s4eLGUE,https://www.youtube.com/watch?v=G2v6s4eLGUE
Travel_Auto_044_K086cciLBzg,https://www.youtube.com/watch?v=K086cciLBzg
Travel_Auto_045_5svrupzP_t8,https://www.youtube.com/watch?v=5svrupzP_t8
Travel_Auto_046_OONmydfz5ls,https://www.youtube.com/watch?v=OONmydfz5ls
Travel_Auto_047_wGqfg6yVQt4,https://www.youtube.com/watch?v=wGqfg6yVQt4
Travel_Auto_048_vOkkWuEwUmc,https://www.youtube.com/watch?v=vOkkWuEwUmc
Music_Manual_001_00IPFnp2Tdg,https://www.youtube.com/watch?v=00IPFnp2Tdg
Music_Manual_002_FQZhehVRSXQ,https://www.youtube.com/watch?v=FQZhehVRSXQ
Music_Manual_003_Lm48ZD8s9PE,https://www.youtube.com/watch?v=Lm48ZD8s9PE
Music_Manual_004_83C3TZ4Zm_o,https://www.youtube.com/watch?v=83C3TZ4Zm_o
Music_Auto_001_OHFQk5OD3Lk,https://www.youtube.com/watch?v=OHFQk5OD3Lk
Music_Auto_002_WOI63YLPZAI,https://www.youtube.com/watch?v=WOI63YLPZAI
Music_Auto_003_lxxC1PO99KI,https://www.youtube.com/watch?v=lxxC1PO99KI
Music_Auto_004_rMUbXtcRsKA,https://www.youtube.com/watch?v=rMUbXtcRsKA
Music_Auto_005_g3h8-2Dtolw,https://www.youtube.com/watch?v=g3h8-2Dtolw
Music_Auto_006_9vcheAADvjg,https://www.youtube.com/watch?v=9vcheAADvjg
Music_Auto_007_ZFB0hroV3jw,https://www.youtube.com/watch?v=ZFB0hroV3jw
Music_Auto_008_4sxdGuDwhcA,https://www.youtube.com/watch?v=4sxdGuDwhcA
Music_Auto_009_yJEFnw9kJwc,https://www.youtube.com/watch?v=yJEFnw9kJwc
Music_Auto_010_O-1FpjPP6_c,https://www.youtube.com/watch?v=O-1FpjPP6_c
Music_Auto_011_QAc2-WVUbC8,https://www.youtube.com/watch?v=QAc2-WVUbC8
Music_Auto_012_XD__iZhK4MM,https://www.youtube.com/watch?v=XD__iZhK4MM
Music_Auto_013_SyGU_7-avk0,https://www.youtube.com/watch?v=SyGU_7-avk0
Music_Auto_014_aSRRgl7qFfM,https://www.youtube.com/watch?v=aSRRgl7qFfM
Music_Auto_015_cz_YOU-yrRU,https://www.youtube.com/watch?v=cz_YOU-yrRU
Music_Auto_016_MxIm2v4W9h8,https://www.youtube.com/watch?v=MxIm2v4W9h8
Music_Auto_017_bwLNlAIDZfg,https://www.youtube.com/watch?v=bwLNlAIDZfg
Music_Auto_018_KPFVuGJ4WII,https://www.youtube.com/watch?v=KPFVuGJ4WII
Music_Auto_019_gWsYhTLpijA,https://www.youtube.com/watch?v=gWsYhTLpijA
Music_Auto_020_cM4YL_ntwW4,https://www.youtube.com/watch?v=cM4YL_ntwW4
Music_Auto_021_HCaUTfs5hlQ,https://www.youtube.com/watch?v=HCaUTfs5hlQ
Music_Auto_022_WEvWYZTvygg,https://www.youtube.com/watch?v=WEvWYZTvygg
Music_Auto_023_9f6AdfijSTg,https://www.youtube.com/watch?v=9f6AdfijSTg
Music_Auto_024_N_eqwatYCv0,https://www.youtube.com/watch?v=N_eqwatYCv0
Music_Auto_025_QKDjE-rqmSs,https://www.youtube.com/watch?v=QKDjE-rqmSs
Music_Auto_026_UAAWGUWVlZk,https://www.youtube.com/watch?v=UAAWGUWVlZk
Music_Auto_027_-_14Lhw0y1A,https://www.youtube.com/watch?v=-_14Lhw0y1A
Music_Auto_028_9WKzt9QEmD4,https://www.youtube.com/watch?v=9WKzt9QEmD4
Music_Auto_029_9_ddQoK9lHA,https://www.youtube.com/watch?v=9_ddQoK9lHA
Music_Auto_030_t0lus004uoc,https://www.youtube.com/watch?v=t0lus004uoc
Music_Auto_031_09839DpTctU,https://www.youtube.com/watch?v=09839DpTctU
Music_Auto_032_IBLruNfUqUs,https://www.youtube.com/watch?v=IBLruNfUqUs
Music_Auto_033_s37x2VSZrLw,https://www.youtube.com/watch?v=s37x2VSZrLw
Music_Auto_034_pqZcyznpHq0,https://www.youtube.com/watch?v=pqZcyznpHq0
Music_Auto_035_Ul-b1-ar0p0,https://www.youtube.com/watch?v=Ul-b1-ar0p0
Music_Auto_036_7dp4GLm7sgo,https://www.youtube.com/watch?v=7dp4GLm7sgo
Music_Auto_037_JbpcNGe1IoY,https://www.youtube.com/watch?v=JbpcNGe1IoY
Music_Auto_038_Leex4LSf6aY,https://www.youtube.com/watch?v=Leex4LSf6aY
Music_Auto_039_n_GFN3a0yj0,https://www.youtube.com/watch?v=n_GFN3a0yj0
Music_Auto_040_aZqCFE_9U9o,https://www.youtube.com/watch?v=aZqCFE_9U9o
Music_Auto_041_0DLeH2FWFTE,https://www.youtube.com/watch?v=0DLeH2FWFTE
Music_Auto_042_VronettmNRI,https://www.youtube.com/watch?v=VronettmNRI
Music_Auto_043_NQ1eqKQJwtw,https://www.youtube.com/watch?v=NQ1eqKQJwtw
Music_Auto_044_84Tq-eAJIk4,https://www.youtube.com/watch?v=84Tq-eAJIk4
Music_Auto_045_Fr7oYjnt3bM,https://www.youtube.com/watch?v=Fr7oYjnt3bM
Music_Auto_046_tT2gVblzFvY,https://www.youtube.com/watch?v=tT2gVblzFvY
Game_Manual_001_YqNg2yO7eQU,https://www.youtube.com/watch?v=YqNg2yO7eQU
Game_Manual_002_Dq6L1AHD9kU,https://www.youtube.com/watch?v=Dq6L1AHD9kU
Game_Manual_003_NzB09wB7Mrc,https://www.youtube.com/watch?v=NzB09wB7Mrc
Game_Manual_004_499q1O0N_Sg,https://www.youtube.com/watch?v=499q1O0N_Sg
Game_Auto_001_u3Wb6GOaFz8,https://www.youtube.com/watch?v=u3Wb6GOaFz8
Game_Auto_002_-NJyZgSQJDc,https://www.youtube.com/watch?v=-NJyZgSQJDc
Game_Auto_003_P95XHvQFHaw,https://www.youtube.com/watch?v=P95XHvQFHaw
Game_Auto_004_CrQc15hXC_4,https://www.youtube.com/watch?v=CrQc15hXC_4
Game_Auto_005_gxa_NFsBUsU,https://www.youtube.com/watch?v=gxa_NFsBUsU
Game_Auto_006_c-wMzB83nLQ,https://www.youtube.com/watch?v=c-wMzB83nLQ
Game_Auto_007__iSPTe27pDM,https://www.youtube.com/watch?v=_iSPTe27pDM
Game_Auto_008_GcLRPHndnio,https://www.youtube.com/watch?v=GcLRPHndnio
Game_Auto_009_WRv9BUokXUI,https://www.youtube.com/watch?v=WRv9BUokXUI
Game_Auto_010_fzsbZRn6TTU,https://www.youtube.com/watch?v=fzsbZRn6TTU
Game_Auto_011_GU9pXjW9-L8,https://www.youtube.com/watch?v=GU9pXjW9-L8
Game_Auto_012_6RjOYSCBLsM,https://www.youtube.com/watch?v=6RjOYSCBLsM
Game_Auto_013_DjNMqTxZSlI,https://www.youtube.com/watch?v=DjNMqTxZSlI
Game_Auto_014_Y_ASspKi3bE,https://www.youtube.com/watch?v=Y_ASspKi3bE
Game_Auto_015_nDXsRtkRKa0,https://www.youtube.com/watch?v=nDXsRtkRKa0
Game_Auto_016_AyJfVD3G4RQ,https://www.youtube.com/watch?v=AyJfVD3G4RQ
Game_Auto_017_kepGvIGd7VQ,https://www.youtube.com/watch?v=kepGvIGd7VQ
Game_Auto_018_R5rSkHNvOSs,https://www.youtube.com/watch?v=R5rSkHNvOSs
Game_Auto_019_SpZtF3CJlCk,https://www.youtube.com/watch?v=SpZtF3CJlCk
Game_Auto_020_1rZ5VyxZmyM,https://www.youtube.com/watch?v=1rZ5VyxZmyM
Game_Auto_021_EPslbai1V1A,https://www.youtube.com/watch?v=EPslbai1V1A
Game_Auto_022_JSAaG5EpQ7E,https://www.youtube.com/watch?v=JSAaG5EpQ7E
Game_Auto_023_fU_EBt7OJ-M,https://www.youtube.com/watch?v=fU_EBt7OJ-M
Game_Auto_024_etQLHVVASME,https://www.youtube.com/watch?v=etQLHVVASME
Game_Auto_025_VoDOxuVcgA4,https://www.youtube.com/watch?v=VoDOxuVcgA4
Game_Auto_026_8EE349dhGiM,https://www.youtube.com/watch?v=8EE349dhGiM
Game_Auto_027_q9__dbGZCzE,https://www.youtube.com/watch?v=q9__dbGZCzE
Game_Auto_028_37am_ksqJsc,https://www.youtube.com/watch?v=37am_ksqJsc
Tech_Manual_001_TJ7YMKDR4D0,https://www.youtube.com/watch?v=TJ7YMKDR4D0
Tech_Manual_002_NeqB-O1M7IY,https://www.youtube.com/watch?v=NeqB-O1M7IY
Tech_Manual_003_NJG0t45_QZk,https://www.youtube.com/watch?v=NJG0t45_QZk
Tech_Auto_001_dx8QCYU4kvQ,https://www.youtube.com/watch?v=dx8QCYU4kvQ
Tech_Auto_002_ANWxHRe23iE,https://www.youtube.com/watch?v=ANWxHRe23iE
Tech_Auto_003_2HXgeYbPW5w,https://www.youtube.com/watch?v=2HXgeYbPW5w
Tech_Auto_004_p_dptqJYqfs,https://www.youtube.com/watch?v=p_dptqJYqfs
Tech_Auto_005_RD7xmjDMzhk,https://www.youtube.com/watch?v=RD7xmjDMzhk
Tech_Auto_006_UeDDYDyiUG4,https://www.youtube.com/watch?v=UeDDYDyiUG4
Tech_Auto_007_eALpa9UTpP8,https://www.youtube.com/watch?v=eALpa9UTpP8
Tech_Auto_008_t-gOkXYi14I,https://www.youtube.com/watch?v=t-gOkXYi14I
Tech_Auto_009_Tqf4R85rggI,https://www.youtube.com/watch?v=Tqf4R85rggI
Tech_Auto_010_6lAxDmchCso,https://www.youtube.com/watch?v=6lAxDmchCso
Tech_Auto_011__q4sZpWwZlc,https://www.youtube.com/watch?v=_q4sZpWwZlc
Tech_Auto_012_np0VyPyJkPg,https://www.youtube.com/watch?v=np0VyPyJkPg
Tech_Auto_013_Xp3b1UajyBA,https://www.youtube.com/watch?v=Xp3b1UajyBA
Tech_Auto_014_yi4oUvr3sBc,https://www.youtube.com/watch?v=yi4oUvr3sBc
Tech_Auto_015_jy4K3JcbmdI,https://www.youtube.com/watch?v=jy4K3JcbmdI
Tech_Auto_016_JIPX1-JxygU,https://www.youtube.com/watch?v=JIPX1-JxygU
Tech_Auto_017_UKHlFJ0KM2E,https://www.youtube.com/watch?v=UKHlFJ0KM2E
Tech_Auto_018_zcyzPjLFnfM,https://www.youtube.com/watch?v=zcyzPjLFnfM
Tech_Auto_019_BtqxxZTDBDc,https://www.youtube.com/watch?v=BtqxxZTDBDc
Tech_Auto_020_o1xy66z46e4,https://www.youtube.com/watch?v=o1xy66z46e4
Tech_Auto_021_BCb6n8MIMRE,https://www.youtube.com/watch?v=BCb6n8MIMRE
Tech_Auto_022_DZt1PPnbHBo,https://www.youtube.com/watch?v=DZt1PPnbHBo
Tech_Auto_023_oIvK4SISibA,https://www.youtube.com/watch?v=oIvK4SISibA
Tech_Auto_024_dqHviNLSKak,https://www.youtube.com/watch?v=dqHviNLSKak
Tech_Auto_025_6TYPctaYCmM,https://www.youtube.com/watch?v=6TYPctaYCmM
Tech_Auto_026_j7EVgt1x_iM,https://www.youtube.com/watch?v=j7EVgt1x_iM
Tech_Auto_027_TbUR-CtHWzE,https://www.youtube.com/watch?v=TbUR-CtHWzE
Tech_Auto_028_Oq4gA_eK884,https://www.youtube.com/watch?v=Oq4gA_eK884
Tech_Auto_029_tKuwGM0oA4M,https://www.youtube.com/watch?v=tKuwGM0oA4M
Tech_Auto_030_03bEv3v2bSk,https://www.youtube.com/watch?v=03bEv3v2bSk
Tech_Auto_031_K3DXUK68fP4,https://www.youtube.com/watch?v=K3DXUK68fP4
Tech_Auto_032_DUgPFNRmsCQ,https://www.youtube.com/watch?v=DUgPFNRmsCQ
Tech_Auto_033_dr_54iaUlKo,https://www.youtube.com/watch?v=dr_54iaUlKo
Tech_Auto_034_riMemu2YAps,https://www.youtube.com/watch?v=riMemu2YAps
Tech_Auto_035_ZpF6IE0rdxA,https://www.youtube.com/watch?v=ZpF6IE0rdxA
Tech_Auto_036_jCl0zGP-d1c,https://www.youtube.com/watch?v=jCl0zGP-d1c
Tech_Auto_037_Uwmp16aSgdk,https://www.youtube.com/watch?v=Uwmp16aSgdk
Tech_Auto_038_uCVXqoVi6RE,https://www.youtube.com/watch?v=uCVXqoVi6RE
Tech_Auto_039_ShTnzFYIYes,https://www.youtube.com/watch?v=ShTnzFYIYes
Tech_Auto_040_9GSDvO0LFFE,https://www.youtube.com/watch?v=9GSDvO0LFFE
Tech_Auto_041_OmOy0DqMF_E,https://www.youtube.com/watch?v=OmOy0DqMF_E
